Run,Execution Time (ms)
1,1.2111663818359375
2,1.1441707611083984
3,1.3189315795898438
4,1.1858940124511719
5,1.3229846954345703
6,4.783868789672852
7,1.741647720336914
8,1.2669563293457031
9,1.3260841369628906
10,1.260995864868164
Average,1.6562700271606445
