Run,Execution Time (ms)
1,0.9961128234863281
2,0.9000301361083984
3,1.0838508605957031
4,1.2149810791015625
5,0.8060932159423828
6,0.8630752563476562
7,0.8189678192138672
8,0.7538795471191406
9,0.8990764617919922
10,0.8728504180908203
Average,0.9208917617797852
